{
  "total_requests": 50,
  "successful": 50,
  "errors": 0,
  "latency_ms": {
    "min": 65.47927856445312,
    "max": 248.72899055480957,
    "mean": 92.30117797851562,
    "p50": 87.87715435028076,
    "p95": 118.621826171875,
    "p99": 248.72899055480957
  },
  "threshold_500ms": {
    "under": 50,
    "over": 0,
    "percentage_under": 100.0
  }
}